lat,lng,desc,zip,title,timeStamp,twp,addr,e
40.2978759,-75.5812935,REINDEER CT & DEAD END;  NEW HANOVER; Station 332; 2015-12-10 @ 17:10:52;,19525,EMS: BACK PAINS/INJURY,2015/12/10 17:10,NEW HANOVER,REINDEER CT & DEAD END,1
40.2580614,-75.2646799,BRIAR PATH & WHITEMARSH LN;  HATFIELD TOWNSHIP; Station 345; 2015-12-10 @ 17:29:21;,19446,EMS: DIABETIC EMERGENCY,2015/12/10 17:29,HATFIELD TOWNSHIP,BRIAR PATH & WHITEMARSH LN,1
40.1211818,-75.3519752,HAWS AVE; NORRISTOWN; 2015-12-10 @ 14:39:21-Station:STA27;,19401,Fire: GAS-ODOR/LEAK,2015/12/10 14:39,NORRISTOWN,HAWS AVE,1
40.116153,-75.343513,AIRY ST & SWEDE ST;  NORRISTOWN; Station 308A; 2015-12-10 @ 16:47:36;,19401,EMS: CARDIAC EMERGENCY,2015/12/10 16:47,NORRISTOWN,AIRY ST & SWEDE ST,1
40.251492,-75.6033497,CHERRYWOOD CT & DEAD END;  LOWER POTTSGROVE; Station 329; 2015-12-10 @ 16:56:52;,,EMS: DIZZINESS,2015/12/10 16:56,LOWER POTTSGROVE,CHERRYWOOD CT & DEAD END,1
40.2534732,-75.283245,CANNON AVE & W 9TH ST;  LANSDALE; Station 345; 2015-12-10 @ 15:39:04;,19446,EMS: HEAD INJURY,2015/12/10 15:39,LANSDALE,CANNON AVE & W 9TH ST,1
40.1821111,-75.1277951,LAUREL AVE & OAKDALE AVE;  HORSHAM; Station 352; 2015-12-10 @ 16:46:48;,19044,EMS: NAUSEA/VOMITING,2015/12/10 16:46,HORSHAM,LAUREL AVE & OAKDALE AVE,1
40.2172859,-75.405182,COLLEGEVILLE RD & LYWISKI RD;  SKIPPACK; Station 336; 2015-12-10 @ 16:17:05;,19426,EMS: RESPIRATORY EMERGENCY,2015/12/10 16:17,SKIPPACK,COLLEGEVILLE RD & LYWISKI RD,1
40.2890267,-75.3995896,MAIN ST & OLD SUMNEYTOWN PIKE;  LOWER SALFORD; Station 344; 2015-12-10 @ 16:51:42;,19438,EMS: SYNCOPAL EPISODE,2015/12/10 16:51,LOWER SALFORD,MAIN ST & OLD SUMNEYTOWN PIKE,1
40.1023985,-75.2914577,BLUEROUTE  & RAMP I476 NB TO CHEMICAL RD; PLYMOUTH; 2015-12-10 @ 17:35:41;,19462,Traffic: VEHICLE ACCIDENT -,2015/12/10 17:35,PLYMOUTH,BLUEROUTE  & RAMP I476 NB TO CHEMICAL RD,1
40.2319898,-75.2518915,RT202 PKWY & KNAPP RD; MONTGOMERY; 2015-12-10 @ 17:33:50;,,Traffic: VEHICLE ACCIDENT -,2015/12/10 17:33,MONTGOMERY,RT202 PKWY & KNAPP RD,1
40.0841613,-75.3083857,BROOK RD & COLWELL LN; PLYMOUTH; 2015-12-10 @ 16:32:10;,19428,Traffic: VEHICLE ACCIDENT -,2015/12/10 16:32,PLYMOUTH,BROOK RD & COLWELL LN,1
40.1741312,-75.0984907,BYBERRY AVE & S WARMINSTER RD; UPPER MORELAND; 2015-12-10 @ 17:15:49;,19040,Traffic: VEHICLE ACCIDENT -,2015/12/10 17:15,UPPER MORELAND,BYBERRY AVE & S WARMINSTER RD,1
40.062974,-75.135914,OLD YORK RD & VALLEY RD; CHELTENHAM; 2015-12-10 @ 17:12:47;,19027,Traffic: VEHICLE ACCIDENT -,2015/12/10 17:12,CHELTENHAM,OLD YORK RD & VALLEY RD,1
40.0972222,-75.3761952,SCHUYLKILL EXPY & CROTON RD UNDERPASS; UPPER MERION; 2015-12-10 @ 17:09:49;,,Traffic: VEHICLE ACCIDENT -,2015/12/10 17:09,UPPER MERION,SCHUYLKILL EXPY & CROTON RD UNDERPASS,1
40.2237777,-75.2353993,STUMP RD & WITCHWOOD DR; MONTGOMERY; 2015-12-10 @ 17:31:00;,18936,Traffic: VEHICLE ACCIDENT -,2015/12/10 17:31,MONTGOMERY,STUMP RD & WITCHWOOD DR,1
40.2432578,-75.2865516,SUSQUEHANNA AVE & W MAIN ST;  LANSDALE; Station 345B; 2015-12-10 @ 17:42:44;,19446,EMS: RESPIRATORY EMERGENCY,2015/12/10 17:42,LANSDALE,SUSQUEHANNA AVE & W MAIN ST,1
40.3121807,-75.5742598,CHARLOTTE ST & MILES RD;  NEW HANOVER; Station 332; 2015-12-10 @ 17:41:54;,19525,EMS: DIZZINESS,2015/12/10 17:41,NEW HANOVER,CHARLOTTE ST & MILES RD,1
40.114239,-75.338508,PENN ST & ARCH ST;  NORRISTOWN; Station 308A; 2015-12-10 @ 17:43:29;,19401,EMS: VEHICLE ACCIDENT,2015/12/10 17:43,NORRISTOWN,PENN ST & ARCH ST,1
40.2093369,-75.1352655,COUNTY LINE RD & WILLOW DR; HORSHAM; 2015-12-10 @ 17:45:23;,18974,Traffic: DISABLED VEHICLE -,2015/12/10 17:45,HORSHAM,COUNTY LINE RD & WILLOW DR,1
40.114239,-75.338508,PENN ST & ARCH ST; NORRISTOWN; 2015-12-10 @ 17:43:45;,19401,Traffic: VEHICLE ACCIDENT -,2015/12/10 17:43,NORRISTOWN,PENN ST & ARCH ST,1
40.1179476,-75.2098476,CHURCH RD & REDCOAT DR; WHITEMARSH; 2015-12-10 @ 17:53:22;,19031,Traffic: DISABLED VEHICLE -,2015/12/10 17:53,WHITEMARSH,CHURCH RD & REDCOAT DR,1
40.1990064,-75.3000584,LILAC CT & PRIMROSE DR; UPPER GWYNEDD; 2015-12-10 @ 17:59:24-Station:STA80;,19446,Fire: APPLIANCE FIRE,2015/12/10 17:59,UPPER GWYNEDD,LILAC CT & PRIMROSE DR,1
40.1433257,-75.422819,RT422  & PAWLINGS RD OVERPASS; LOWER PROVIDENCE; 2015-12-10 @ 18:00:38;,,Traffic: DISABLED VEHICLE -,2015/12/10 18:00,LOWER PROVIDENCE,RT422  & PAWLINGS RD OVERPASS,1
40.1532684,-75.1895576,SUMMIT AVE & RT309 UNDERPASS; UPPER DUBLIN; 2015-12-10 @ 17:58:22;,,Traffic: VEHICLE ACCIDENT -,2015/12/10 17:58,UPPER DUBLIN,SUMMIT AVE & RT309 UNDERPASS,1
40.1330371,-75.4084631,SHANNONDELL DR & SHANNONDELL BLVD;  LOWER PROVIDENCE; Station 322A; 2015-12-10 @ 18:02:02;,19403,EMS: GENERAL WEAKNESS,2015/12/10 18:02,LOWER PROVIDENCE,SHANNONDELL DR & SHANNONDELL BLVD,1
40.1552833,-75.2642296,PENLLYN BLUE BELL PIKE & VILLAGE CIR;  WHITPAIN; Station 385; 2015-12-10 @ 18:02:38;,19422,EMS: HEAD INJURY,2015/12/10 18:02,WHITPAIN,PENLLYN BLUE BELL PIKE & VILLAGE CIR,1
40.0289031,-75.3518224,EDENTON PL & DURHAM DR; DELAWARE COUNTY; 2015-12-10 @ 18:05:19-Station:STA23;,19085,Fire: CARBON MONOXIDE DETECTOR,2015/12/10 18:05,DELAWARE COUNTY,EDENTON PL & DURHAM DR,1
40.0972222,-75.3761952,SCHUYLKILL EXPY & WEADLEY RD OVERPASS; UPPER MERION; 2015-12-10 @ 18:05:39;,,Traffic: VEHICLE ACCIDENT -,2015/12/10 18:05,UPPER MERION,SCHUYLKILL EXPY & WEADLEY RD OVERPASS,1
40.2093369,-75.1352655,COUNTY LINE RD & WILLOW DR; HORSHAM; 2015-12-10 @ 18:10:40;,18974,Traffic: DISABLED VEHICLE -,2015/12/10 18:10,HORSHAM,COUNTY LINE RD & WILLOW DR,1
40.0972222,-75.3761952,SCHUYLKILL EXPY & WEADLEY RD OVERPASS; UPPER MERION; 2015-12-10 @ 18:07:01;,,Traffic: VEHICLE ACCIDENT -,2015/12/10 18:07,UPPER MERION,SCHUYLKILL EXPY & WEADLEY RD OVERPASS,1
40.300736,-75.3319733,CORNWALL TER & LIONS GATE CIR;  FRANCONIA; Station 339; 2015-12-10 @ 18:09:49;,18964,EMS: RESPIRATORY EMERGENCY,2015/12/10 18:09,FRANCONIA,CORNWALL TER & LIONS GATE CIR,1
40.129398,-75.3322134,PINE ST & W ROBERTS ST;  NORRISTOWN; Station 308A; 2015-12-10 @ 18:17:07;,19401,EMS: UNKNOWN MEDICAL EMERGENCY,2015/12/10 18:17,NORRISTOWN,PINE ST & W ROBERTS ST,1
40.0993621,-75.1500348,E GLENSIDE AVE & S KESWICK AVE; CHELTENHAM; 2015-12-10 @ 18:21:43;,19038,Traffic: VEHICLE ACCIDENT -,2015/12/10 18:21,CHELTENHAM,E GLENSIDE AVE & S KESWICK AVE,1
40.2212266,-75.2887369,MORRIS RD & MUHLENBURG DR; UPPER GWYNEDD; 2015-12-10 @ 18:23:13;,,Traffic: DISABLED VEHICLE -,2015/12/10 18:23,UPPER GWYNEDD,MORRIS RD & MUHLENBURG DR,1
40.0738642,-75.3167972,MOOREHEAD AVE & FRONT ST; WEST CONSHOHOCKEN; 2015-12-10 @ 18:20:28;,19428,Traffic: DISABLED VEHICLE -,2015/12/10 18:20,WEST CONSHOHOCKEN,MOOREHEAD AVE & FRONT ST,1
40.1617316,-75.1510554,DRESHER RD & WELSH RD; HORSHAM; 2015-12-10 @ 18:23:11;,19044,Traffic: VEHICLE ACCIDENT -,2015/12/10 18:23,HORSHAM,DRESHER RD & WELSH RD,1
40.0667184,-75.307176,CONSHOHOCKEN STATE RD;  WEST CONSHOHOCKEN; Station 313A; 2015-12-10 @ 18:29:54;,,EMS: VEHICLE ACCIDENT,2015/12/10 18:29,WEST CONSHOHOCKEN,CONSHOHOCKEN STATE RD,1
40.0655304,-75.3078284,CONSHOHOCKEN STATE RD & MERION HILL LN; WEST CONSHOHOCKEN; 2015-12-10 @ 18:30:41;,19428,Traffic: VEHICLE ACCIDENT -,2015/12/10 18:30,WEST CONSHOHOCKEN,CONSHOHOCKEN STATE RD & MERION HILL LN,1
40.1042063,-75.3676652,HAMPTON RD & BELMONT RD; UPPER MERION; 2015-12-10 @ 18:32:25-Station:STA49;,19406,Fire: GAS-ODOR/LEAK,2015/12/10 18:32,UPPER MERION,HAMPTON RD & BELMONT RD,1
40.1227798,-75.2672413,SPARANGO LN & MELISSA WAY;  PLYMOUTH; Station 308; 2015-12-10 @ 18:38:18;,19462,EMS: UNRESPONSIVE SUBJECT,2015/12/10 18:38,PLYMOUTH,SPARANGO LN & MELISSA WAY,1
40.091055,-75.3843648,ALLENDALE RD & WILLS BLVD; UPPER MERION; 2015-12-10 @ 18:37:00;,19406,Traffic: VEHICLE ACCIDENT -,2015/12/10 18:37,UPPER MERION,ALLENDALE RD & WILLS BLVD,1
40.0249667,-75.2829046,ROSEMONT AVE & DEAD END;  LOWER MERION; Station 313; 2015-12-10 @ 18:43:07;,,EMS: CARDIAC EMERGENCY,2015/12/10 18:43,LOWER MERION,ROSEMONT AVE & DEAD END,1
40.1257391,-75.339822,W WOOD ST & MARKLEY ST; NORRISTOWN; 2015-12-10 @ 18:47:18;,19401,Traffic: VEHICLE ACCIDENT -,2015/12/10 18:47,NORRISTOWN,W WOOD ST & MARKLEY ST,1
40.2249227,-75.5280446,LINFIELD TRAPPE RD;  LIMERICK; Station 324A; 2015-12-10 @ 18:50:37;,19468,EMS: VEHICLE ACCIDENT,2015/12/10 18:50,LIMERICK,LINFIELD TRAPPE RD,1
40.2249227,-75.5280446,LINFIELD TRAPPE RD; LIMERICK; 2015-12-10 @ 18:50:23-Station:STA51;,19468,Fire: VEHICLE ACCIDENT,2015/12/10 18:50,LIMERICK,LINFIELD TRAPPE RD,1
40.2249227,-75.5280446,AUTO PARK BLVD & LINFIELD TRAPPE RD; LIMERICK; 2015-12-10 @ 18:51:34;,19468,Traffic: VEHICLE ACCIDENT -,2015/12/10 18:51,LIMERICK,AUTO PARK BLVD & LINFIELD TRAPPE RD,1
40.2309343,-75.5221245,LINFIELD TRAPPE RD & RAMP N LEWIS RD TO RT422 EB; LIMERICK; 2015-12-10 @ 18:51:01;,19468,Traffic: VEHICLE ACCIDENT -,2015/12/10 18:51,LIMERICK,LINFIELD TRAPPE RD & RAMP N LEWIS RD TO RT422 EB,1
40.251523,-75.329557,DOCK DR & DEAD END;  TOWAMENCIN; Station 345B; 2015-12-10 @ 18:59:50;,,EMS: ALTERED MENTAL STATUS,2015/12/10 18:59,TOWAMENCIN,DOCK DR & DEAD END,1
40.1653934,-75.2829046,HARROW LN & DEAD END; WHITPAIN; 2015-12-10 @ 18:56:51-Station:STA33;,,Fire: FIRE ALARM,2015/12/10 18:56,WHITPAIN,HARROW LN & DEAD END,1
40.2313745,-75.2797803,CHURCH RD & E HANCOCK ST; LANSDALE; 2015-12-10 @ 19:06:07;,19446,Traffic: VEHICLE ACCIDENT -,2015/12/10 19:06,LANSDALE,CHURCH RD & E HANCOCK ST,1
40.3209665,-75.6113493,WILSON AVE & E PHILADELPHIA AVE;  DOUGLASS; Station 332; 2015-12-10 @ 19:07:27;,19525,EMS: CVA/STROKE,2015/12/10 19:07,DOUGLASS,WILSON AVE & E PHILADELPHIA AVE,1
40.0512834,-75.2968515,LAFAYETTE RD & CONSHOHOCKEN STATE RD; LOWER MERION; 2015-12-10 @ 19:09:42-Station:STA24;,19010,Fire: FIRE ALARM,2015/12/10 19:09,LOWER MERION,LAFAYETTE RD & CONSHOHOCKEN STATE RD,1
40.2432612,-75.2960797,W MT VERNON ST & S MITCHELL AVE; LANSDALE; 2015-12-10 @ 19:08:43;,19446,Traffic: ROAD OBSTRUCTION -,2015/12/10 19:08,LANSDALE,W MT VERNON ST & S MITCHELL AVE,1
40.1568468,-75.1019942,YORK RD & RR CROSSING;  UPPER MORELAND; Station 381; 2015-12-10 @ 19:18:31;,,EMS: UNKNOWN MEDICAL EMERGENCY,2015/12/10 19:18,UPPER MORELAND,YORK RD & RR CROSSING,1
40.1330371,-75.4084631,SHANNONDELL DR & SHANNONDELL BLVD;  LOWER PROVIDENCE; Station 322A; 2015-12-10 @ 19:12:13;,19403,EMS: CVA/STROKE,2015/12/10 19:12,LOWER PROVIDENCE,SHANNONDELL DR & SHANNONDELL BLVD,1
40.089973,-75.1410849,FERNBROOK AVE & MAPLE AVE;  CHELTENHAM; Station 358A; 2015-12-10 @ 19:15:10;,19095,EMS: SUBJECT IN PAIN,2015/12/10 19:15,CHELTENHAM,FERNBROOK AVE & MAPLE AVE,1
40.2470021,-75.6525972,KING ST & N YORK ST;  POTTSTOWN; Station 329; 2015-12-10 @ 19:17:13;,19464,EMS: SUBJECT IN PAIN,2015/12/10 19:17,POTTSTOWN,KING ST & N YORK ST,1
40.0818005,-75.2531616,RIDGE PIKE & CHURCH RD; WHITEMARSH; 2015-12-10 @ 19:19:19;,19444,Traffic: DISABLED VEHICLE -,2015/12/10 19:19,WHITEMARSH,RIDGE PIKE & CHURCH RD,1
40.0203725,-75.3092584,W MONTGOMERY AVE & PENNSWOOD RD; LOWER MERION; 2015-12-10 @ 19:25:22;,19041,Traffic: DISABLED VEHICLE -,2015/12/10 19:25,LOWER MERION,W MONTGOMERY AVE & PENNSWOOD RD,1
40.2306331,-75.2785377,CEDAR ST & E HANCOCK ST; LANSDALE; 2015-12-10 @ 19:06:07;,19446,Traffic: VEHICLE ACCIDENT -,2015/12/10 19:06,LANSDALE,CEDAR ST & E HANCOCK ST,1
40.1173446,-75.2111725,FAIRFIELD DR & FARMAR LN;  WHITEMARSH; Station 318; 2015-12-10 @ 19:23:08;,19031,EMS: HEMORRHAGING,2015/12/10 19:23,WHITEMARSH,FAIRFIELD DR & FARMAR LN,1
40.2679249,-75.3143823,CLEMENS RD & FORTY FOOT RD;  HATFIELD TOWNSHIP; Station 345; 2015-12-10 @ 19:25:07;,19440,EMS: UNKNOWN MEDICAL EMERGENCY,2015/12/10 19:25,HATFIELD TOWNSHIP,CLEMENS RD & FORTY FOOT RD,1
40.2456734,-75.2796667,BROAD ST & E 6TH ST;  LANSDALE; Station 345; 2015-12-10 @ 19:22:25;,19446,EMS: FALL VICTIM,2015/12/10 19:22,LANSDALE,BROAD ST & E 6TH ST,1
40.1199455,-75.3383214,DEKALB ST & E ELM ST;  NORRISTOWN; Station 308A; 2015-12-10 @ 19:21:47;,19401,EMS: RESPIRATORY EMERGENCY,2015/12/10 19:21,NORRISTOWN,DEKALB ST & E ELM ST,1
40.105308,-75.341987,4TH ST & DEPOT ST;  BRIDGEPORT; Station 317; 2015-12-10 @ 19:35:47;,19405,EMS: ASSAULT VICTIM,2015/12/10 19:35,BRIDGEPORT,4TH ST & DEPOT ST,1
40.2890267,-75.3995896,MAIN ST & OLD SUMNEYTOWN PIKE;  LOWER SALFORD; Station 344; 2015-12-10 @ 19:38:31;,19438,EMS: FALL VICTIM,2015/12/10 19:38,LOWER SALFORD,MAIN ST & OLD SUMNEYTOWN PIKE,1
40.245731,-75.3416869,TOWAMENCIN AVE & SUMNEYTOWN PIKE;  TOWAMENCIN; Station 345B; 2015-12-10 @ 19:43:24;,19438,EMS: RESPIRATORY EMERGENCY,2015/12/10 19:43,TOWAMENCIN,TOWAMENCIN AVE & SUMNEYTOWN PIKE,1
40.1330371,-75.4084631,SHANNONDELL DR & SHANNONDELL BLVD;  LOWER PROVIDENCE; Station 322A; 2015-12-10 @ 19:49:37;,19403,EMS: SUBJECT IN PAIN,2015/12/10 19:49,LOWER PROVIDENCE,SHANNONDELL DR & SHANNONDELL BLVD,1
40.1546593,-75.2215435,BUTLER AVE & N RIDGE AVE;  AMBLER; Station 351; 2015-12-10 @ 19:54:45;,19002,EMS: SEIZURES,2015/12/10 19:54,AMBLER,BUTLER AVE & N RIDGE AVE,1
40.0249667,-75.2829046,AVIGNON DR & DEAD END; LOWER MERION; 2015-12-10 @ 20:01:29-Station:STA24;,,Fire: GAS-ODOR/LEAK,2015/12/10 20:01,LOWER MERION,AVIGNON DR & DEAD END,1
39.9867698,-75.2754335,LLOYD LN & DRAYTON LN;  LOWER MERION; Station 313; 2015-12-10 @ 20:05:27;,19096,EMS: DIABETIC EMERGENCY,2015/12/10 20:05,LOWER MERION,LLOYD LN & DRAYTON LN,1
40.2537881,-75.2164375,DELMAR CT & CLAREMONT DR;  MONTGOMERY; Station 345A; 2015-12-10 @ 20:10:27;,19454,EMS: SUBJECT IN PAIN,2015/12/10 20:10,MONTGOMERY,DELMAR CT & CLAREMONT DR,1
40.2450058,-75.5930476,HIGH ST & BROWN ST;  LOWER POTTSGROVE; Station 329; 2015-12-10 @ 20:09:47;,19464,EMS: UNKNOWN MEDICAL EMERGENCY,2015/12/10 20:09,LOWER POTTSGROVE,HIGH ST & BROWN ST,1
40.295271,-75.3284004,COWPATH RD & MEADOW WOOD LN;  FRANCONIA; Station 339; 2015-12-10 @ 20:06:36;,18964,EMS: HEAD INJURY,2015/12/10 20:06,FRANCONIA,COWPATH RD & MEADOW WOOD LN,1
40.2048367,-75.2228211,WELSH RD & LOWER STATE RD; HORSHAM; 2015-12-10 @ 20:07:25;,19002,Traffic: VEHICLE ACCIDENT -,2015/12/10 20:07,HORSHAM,WELSH RD & LOWER STATE RD,1
40.2442013,-75.582403,HIGH ST & S PARK RD; LOWER POTTSGROVE; 2015-12-10 @ 20:24:17;,19464,Traffic: DISABLED VEHICLE -,2015/12/10 20:24,LOWER POTTSGROVE,HIGH ST & S PARK RD,1
40.2315111,-75.6545599,HANOVER ST & E URNER ST;  CHESTER COUNTY; Station 3A84; 2015-12-10 @ 20:26:35;,19465,EMS: FALL VICTIM,2015/12/10 20:26,CHESTER COUNTY,HANOVER ST & E URNER ST,1
40.1142023,-75.3268041,NEW HOPE ST & CEDAR LN;  NORRISTOWN; Station 308A; 2015-12-10 @ 20:26:14;,19401,EMS: FALL VICTIM,2015/12/10 20:26,NORRISTOWN,NEW HOPE ST & CEDAR LN,1
40.0039548,-75.2207009,BELMONT AVE & E CITY AVE; LOWER MERION; 2015-12-10 @ 20:36:49;,19004,Traffic: VEHICLE ACCIDENT -,2015/12/10 20:36,LOWER MERION,BELMONT AVE & E CITY AVE,1
40.2906932,-75.5766612,SWAMP PIKE & ROMIG RD;  NEW HANOVER; Station 332; 2015-12-10 @ 20:45:14;,19525,EMS: SYNCOPAL EPISODE,2015/12/10 20:45,NEW HANOVER,SWAMP PIKE & ROMIG RD,1
40.0074347,-75.2489886,MEADOW LN & MONTGOMERY AVE; LOWER MERION; 2015-12-10 @ 20:43:44-Station:STA28;,19066,Fire: CARBON MONOXIDE DETECTOR,2015/12/10 20:43,LOWER MERION,MEADOW LN & MONTGOMERY AVE,1
40.2304548,-75.6339815,WORTH BLVD & TYSON ST;  CHESTER COUNTY; Station 3A84; 2015-12-10 @ 20:50:14;,19465,EMS: MEDICAL ALERT ALARM,2015/12/10 20:50,CHESTER COUNTY,WORTH BLVD & TYSON ST,1
40.0348666,-75.3276061,MONTGOMERY AVE & THORNBROOK AVE;  LOWER MERION; Station 313; 2015-12-10 @ 20:49:08;,19010,EMS: RESPIRATORY EMERGENCY,2015/12/10 20:49,LOWER MERION,MONTGOMERY AVE & THORNBROOK AVE,1
40.0167386,-75.2651596,PENN VALLEY RD & MANOR RD;  LOWER MERION; Station 313; 2015-12-10 @ 20:53:30;,19072,EMS: ABDOMINAL PAINS,2015/12/10 20:53,LOWER MERION,PENN VALLEY RD & MANOR RD,1
40.4142488,-75.5090155,BLOMMER DR & GRAVEL PIKE; UPPER HANOVER; 2015-12-10 @ 21:01:26-Station:STA38;,18041,Fire: FIRE ALARM,2015/12/10 21:01,UPPER HANOVER,BLOMMER DR & GRAVEL PIKE,1
40.0809133,-75.2026651,STENTON AVE & E EVERGREEN AVE;  SPRINGFIELD; Station 311; 2015-12-10 @ 21:10:36;,19038,EMS: RESPIRATORY EMERGENCY,2015/12/10 21:10,SPRINGFIELD,STENTON AVE & E EVERGREEN AVE,1
40.2372576,-75.2204062,HILLSIDE CT & NESHAMINY FALLS CIR;  MONTGOMERY; Station 345A; 2015-12-10 @ 21:12:35;,19454,EMS: UNRESPONSIVE SUBJECT,2015/12/10 21:12,MONTGOMERY,HILLSIDE CT & NESHAMINY FALLS CIR,1
40.2500156,-75.5921595,N PLEASANT VIEW RD & WELSH DR; LOWER POTTSGROVE; 2015-12-10 @ 21:19:21;,19464,Traffic: ROAD OBSTRUCTION -,2015/12/10 21:19,LOWER POTTSGROVE,N PLEASANT VIEW RD & WELSH DR,1
40.2469315,-75.6439204,CHESTNUT ST & N FRANKLIN ST; POTTSTOWN; 2015-12-10 @ 21:24:47-Station:STA69;,19464,Fire: PUMP DETAIL,2015/12/10 21:24,POTTSTOWN,CHESTNUT ST & N FRANKLIN ST,1
40.230284,-75.3540007,BUSTARD RD & KRIEBEL RD; TOWAMENCIN; 2015-12-10 @ 21:31:19;,19438,Traffic: VEHICLE ACCIDENT -,2015/12/10 21:31,TOWAMENCIN,BUSTARD RD & KRIEBEL RD,1
40.085487,-75.0977084,FOX CHASE RD & LOS ANGELES AVE; ROCKLEDGE; 2015-12-10 @ 21:36:01-Station:STA9;,19046,Fire: FIRE INVESTIGATION,2015/12/10 21:36,ROCKLEDGE,FOX CHASE RD & LOS ANGELES AVE,1
40.2344178,-75.3513217,BUSTARD RD & OLD MORRIS RD; TOWAMENCIN; 2015-12-10 @ 21:31:19;,19438,Traffic: VEHICLE ACCIDENT -,2015/12/10 21:31,TOWAMENCIN,BUSTARD RD & OLD MORRIS RD,1
40.0830785,-75.1011171,SHELMIRE ST & CEDAR RD; ABINGTON; 2015-12-10 @ 21:47:14;,19027,Traffic: DISABLED VEHICLE -,2015/12/10 21:47,ABINGTON,SHELMIRE ST & CEDAR RD,1
40.2763043,-75.5650236,SWAMP PIKE & SANATOGA RD; NEW HANOVER; 2015-12-10 @ 21:56:14;,19525,Traffic: DISABLED VEHICLE -,2015/12/10 21:56,NEW HANOVER,SWAMP PIKE & SANATOGA RD,1
40.0953195,-75.1934818,CHELTENHAM AVE & DELPHINE RD; SPRINGFIELD; 2015-12-10 @ 21:58:11;,19038,Traffic: VEHICLE ACCIDENT -,2015/12/10 21:58,SPRINGFIELD,CHELTENHAM AVE & DELPHINE RD,1
40.1514759,-75.3966243,MARK LN & IVY CIR;  LOWER PROVIDENCE; Station 322; 2015-12-10 @ 22:03:14;,19403,EMS: CVA/STROKE,2015/12/10 22:03,LOWER PROVIDENCE,MARK LN & IVY CIR,1
40.127611,-75.3799147,HEMLOCK RD & SHIRLEY LN;  WEST NORRITON; Station 308B; 2015-12-10 @ 22:24:21;,19403,EMS: FALL VICTIM,2015/12/10 22:24,WEST NORRITON,HEMLOCK RD & SHIRLEY LN,1
40.284455,-75.574528,CEDAR LN & WILLOW LN;  NEW HANOVER; Station 332; 2015-12-10 @ 22:22:38;,19525,EMS: SEIZURES,2015/12/10 22:22,NEW HANOVER,CEDAR LN & WILLOW LN,1
40.1201276,-75.3501929,GEORGE ST & HAWS ALY;  NORRISTOWN; Station 308A; 2015-12-10 @ 22:29:17;,19401,EMS: CARDIAC EMERGENCY,2015/12/10 22:29,NORRISTOWN,GEORGE ST & HAWS ALY,1
40.1508958,-75.1274376,FITZWATERTOWN RD & BARTRAM RD;  UPPER MORELAND; Station 381; 2015-12-10 @ 22:27:24;,19090,EMS: OVERDOSE,2015/12/10 22:27,UPPER MORELAND,FITZWATERTOWN RD & BARTRAM RD,1
40.1825726,-75.5406694,ADAMS ST & WALNUT ST; ROYERSFORD; 2015-12-10 @ 22:35:51-Station:STA98;,19468,Fire: FIRE ALARM,2015/12/10 22:35,ROYERSFORD,ADAMS ST & WALNUT ST,1
40.060048,-75.097217,ASHBOURNE RD & ROWLAND AVE; CHELTENHAM; 2015-12-10 @ 22:41:53;,19012,Traffic: VEHICLE ACCIDENT -,2015/12/10 22:41,CHELTENHAM,ASHBOURNE RD & ROWLAND AVE,1
40.2449124,-75.6443631,HIGH ST & S FRANKLIN ST;  POTTSTOWN; Station 329; 2015-12-10 @ 22:54:53;,19464,EMS: FALL VICTIM,2015/12/10 22:54,POTTSTOWN,HIGH ST & S FRANKLIN ST,1
40.1388986,-75.1514572,BURN BRAE DR & DUNDEE DR; UPPER DUBLIN; 2015-12-10 @ 22:52:55-Station:STA88;,19025,Fire: GAS-ODOR/LEAK,2015/12/10 22:52,UPPER DUBLIN,BURN BRAE DR & DUNDEE DR,1
40.1330371,-75.4084631,SHANNONDELL DR & SHANNONDELL BLVD;  LOWER PROVIDENCE; Station 322A; 2015-12-10 @ 22:55:35;,19403,EMS: ABDOMINAL PAINS,2015/12/10 22:55,LOWER PROVIDENCE,SHANNONDELL DR & SHANNONDELL BLVD,1
39.9997391,-75.2557489,HEATH RD & ZOLLINGER WAY; LOWER MERION; 2015-12-10 @ 23:01:58-Station:STA26;,19066,Fire: FIRE ALARM,2015/12/10 23:01,LOWER MERION,HEATH RD & ZOLLINGER WAY,1
40.0177675,-75.2300543,BELMONT AVE & OVERHILL RD; LOWER MERION; 2015-12-10 @ 23:02:27;,19004,Traffic: DISABLED VEHICLE -,2015/12/10 23:02,LOWER MERION,BELMONT AVE & OVERHILL RD,1
40.2449124,-75.6443631,HIGH ST & S FRANKLIN ST;  POTTSTOWN; Station 329; 2015-12-10 @ 23:10:34;,19464,EMS: SUBJECT IN PAIN,2015/12/10 23:10,POTTSTOWN,HIGH ST & S FRANKLIN ST,1
40.0809133,-75.2026651,STENTON AVE & E EVERGREEN AVE;  SPRINGFIELD; Station 311; 2015-12-10 @ 23:06:39;,19038,EMS: RESPIRATORY EMERGENCY,2015/12/10 23:06,SPRINGFIELD,STENTON AVE & E EVERGREEN AVE,1
40.0878981,-75.2629699,RIDGE PIKE & OAKWYN RD;  WHITEMARSH; Station 318; 2015-12-10 @ 23:16:10;,19444,EMS: NAUSEA/VOMITING,2015/12/10 23:16,WHITEMARSH,RIDGE PIKE & OAKWYN RD,1
40.0975908,-75.2525369,BARBERRY DR & PHEASANT LN;  WHITEMARSH; Station 318; 2015-12-10 @ 23:32:46;,19444,EMS: ABDOMINAL PAINS,2015/12/10 23:32,WHITEMARSH,BARBERRY DR & PHEASANT LN,1
40.2451166,-75.6460071,HIGH ST & S EVANS ST; POTTSTOWN; 2015-12-10 @ 23:45:50;,19464,Traffic: DISABLED VEHICLE -,2015/12/10 23:45,POTTSTOWN,HIGH ST & S EVANS ST,1
40.1550603,-75.1022513,DAVISVILLE RD & PENNYPACK RD;  UPPER MORELAND; Station 381; 2015-12-10 @ 23:58:13;,19040,EMS: CARDIAC EMERGENCY,2015/12/10 23:58,UPPER MORELAND,DAVISVILLE RD & PENNYPACK RD,1
40.0837614,-75.1422046,WASHINGTON LN & W CHURCH RD;  CHELTENHAM; Station 358A; 2015-12-11 @ 00:01:29;,19095,EMS: RESPIRATORY EMERGENCY,2015/12/11 0:01,CHELTENHAM,WASHINGTON LN & W CHURCH RD,1
40.1191612,-75.3423774,OAK ST & MAPLE ALY;  NORRISTOWN; Station 308A; 2015-12-11 @ 00:36:02;,19401,EMS: MATERNITY,2015/12/11 0:36,NORRISTOWN,OAK ST & MAPLE ALY,1
40.088204,-75.326639,RIVER RD & 3RD ST;  UPPER MERION; Station 317; 2015-12-11 @ 00:55:01;,19406,EMS: HEAD INJURY,2015/12/11 0:55,UPPER MERION,RIVER RD & 3RD ST,1
40.1663037,-75.4202852,RIDGE PIKE & S GRANGE AVE;  LOWER PROVIDENCE; Station 322; 2015-12-11 @ 01:05:27;,19403,EMS: UNCONSCIOUS SUBJECT,2015/12/11 1:05,LOWER PROVIDENCE,RIDGE PIKE & S GRANGE AVE,1
40.27503,-75.4298706,GRUBB RD & LARSON RD;  UPPER SALFORD; Station 331; 2015-12-11 @ 01:14:20;,19473,EMS: SUBJECT IN PAIN,2015/12/11 1:14,UPPER SALFORD,GRUBB RD & LARSON RD,1
40.1507107,-75.0552739,RED LION RD & RR CROSSING; LOWER MORELAND; 2015-12-11 @ 01:15:42;,,Traffic: DISABLED VEHICLE -,2015/12/11 1:15,LOWER MORELAND,RED LION RD & RR CROSSING,1
40.0121546,-75.2995188,DREYCOTT LN & W LANCASTER AVE;  LOWER MERION; Station 313; 2015-12-11 @ 01:29:52;,19041,EMS: NAUSEA/VOMITING,2015/12/11 1:29,LOWER MERION,DREYCOTT LN & W LANCASTER AVE,1
40.1125844,-75.3297589,AIRY ST & TREMONT AVE;  NORRISTOWN; Station 308A; 2015-12-11 @ 02:00:40;,19401,EMS: HEMORRHAGING,2015/12/11 2:00,NORRISTOWN,AIRY ST & TREMONT AVE,1
40.1185944,-75.1626529,PENN AVE & GARFIELD AVE;  ABINGTON; Station 383; 2015-12-11 @ 02:10:29;,19038,EMS: DIZZINESS,2015/12/11 2:10,ABINGTON,PENN AVE & GARFIELD AVE,1
40.082481,-75.324636,RIVER RD & SWEDELAND RD; UPPER MERION; 2015-12-11 @ 02:26:33-Station:STA48;,19406,Fire: FIRE ALARM,2015/12/11 2:26,UPPER MERION,RIVER RD & SWEDELAND RD,1
40.0025642,-75.2236498,CITY AVE & N 47TH ST; LOWER MERION; 2015-12-11 @ 02:34:58;,19004,Traffic: VEHICLE ACCIDENT -,2015/12/11 2:34,LOWER MERION,CITY AVE & N 47TH ST,1
40.125582,-75.3205245,NORTH HILLS DR & JANEWAY DR;  NORRISTOWN; Station 308A; 2015-12-11 @ 03:02:34;,19401,EMS: RESPIRATORY EMERGENCY,2015/12/11 3:02,NORRISTOWN,NORTH HILLS DR & JANEWAY DR,1
40.1074003,-75.113206,THE FAIRWAY  & RYDAL RD;  ABINGTON; Station 382; 2015-12-11 @ 03:09:08;,19046,EMS: RESPIRATORY EMERGENCY,2015/12/11 3:09,ABINGTON,THE FAIRWAY  & RYDAL RD,1
40.183013,-75.535937,4TH AVE & SPRING ST;  ROYERSFORD; Station 325; 2015-12-11 @ 03:15:36;,19468,EMS: HEMORRHAGING,2015/12/11 3:15,ROYERSFORD,4TH AVE & SPRING ST,1
40.2349983,-75.2166077,WOODSTREAM WAY & CHERRYWOOD DR;  MONTGOMERY; Station 345A; 2015-12-11 @ 03:16:28;,19454,EMS: FALL VICTIM,2015/12/11 3:16,MONTGOMERY,WOODSTREAM WAY & CHERRYWOOD DR,1
40.04571,-75.298728,GREEN VALLEY RD & MT PLEASANT RD; LOWER MERION; 2015-12-11 @ 03:27:07-Station:STA24;,19010,Fire: FIRE ALARM,2015/12/11 3:27,LOWER MERION,GREEN VALLEY RD & MT PLEASANT RD,1
40.1148759,-75.3403903,GREEN ST & E AIRY ST;  NORRISTOWN; Station 308A; 2015-12-11 @ 03:50:26;,19401,EMS: CHOKING,2015/12/11 3:50,NORRISTOWN,GREEN ST & E AIRY ST,1
40.0802937,-75.3060477,6TH AVE & WOOD ST;  CONSHOHOCKEN; Station 313A; 2015-12-11 @ 03:47:25;,19428,EMS: LACERATIONS,2015/12/11 3:47,CONSHOHOCKEN,6TH AVE & WOOD ST,1
40.0794421,-75.3068746,WOOD ST & W 5TH AVE;  CONSHOHOCKEN; Station 313A; 2015-12-11 @ 03:47:25;,19428,EMS: LACERATIONS,2015/12/11 3:47,CONSHOHOCKEN,WOOD ST & W 5TH AVE,1
40.2641787,-75.656005,HARMONY DR & W HARMONY DR;  POTTSTOWN; Station 329; 2015-12-11 @ 03:59:09;,19464,EMS: HEAD INJURY,2015/12/11 3:59,POTTSTOWN,HARMONY DR & W HARMONY DR,1
40.1142023,-75.3268041,NEW HOPE ST & CEDAR LN;  NORRISTOWN; Station 308A; 2015-12-11 @ 04:05:26;,19401,EMS: MEDICAL ALERT ALARM,2015/12/11 4:05,NORRISTOWN,NEW HOPE ST & CEDAR LN,1
40.0117673,-75.2946732,MONTGOMERY AVE & WOODSIDE RD;  LOWER MERION; Station 313; 2015-12-11 @ 04:11:35;,19041,EMS: HEAD INJURY,2015/12/11 4:11,LOWER MERION,MONTGOMERY AVE & WOODSIDE RD,1
40.2905586,-75.2851444,SANDSTONE DR & NORTH PENN RD; HATFIELD TOWNSHIP; 2015-12-11 @ 04:19:56-Station:STA17;,19440,Fire: FIRE ALARM,2015/12/11 4:19,HATFIELD TOWNSHIP,SANDSTONE DR & NORTH PENN RD,1
40.1466487,-75.2192771,CHURCH ST & S MAIN ST; AMBLER; 2015-12-11 @ 04:31:00-Station:STA7;,19002,Fire: CARBON MONOXIDE DETECTOR,2015/12/11 4:31,AMBLER,CHURCH ST & S MAIN ST,1
40.1355778,-75.2738513,SENTRY PKWY & WALTON RD; WHITPAIN; 2015-12-11 @ 04:38:11-Station:STA33;,19422,Fire: FIRE ALARM,2015/12/11 4:38,WHITPAIN,SENTRY PKWY & WALTON RD,1
40.4024419,-75.4994835,MAIN ST & FRONT ST; PENNSBURG; 2015-12-11 @ 04:36:27-Station:STA65;,18073,Fire: TRASH/DUMPSTER FIRE,2015/12/11 4:36,PENNSBURG,MAIN ST & FRONT ST,1
40.1653934,-75.2829046,NORTHGATE BLVD & QUAKERTOWN RD; WHITPAIN; 2015-12-11 @ 05:19:35;,,Traffic: VEHICLE ACCIDENT -,2015/12/11 5:19,WHITPAIN,NORTHGATE BLVD & QUAKERTOWN RD,1
40.1489915,-75.260516,SKIPPACK PIKE & WALTON RD; WHITPAIN; 2015-12-11 @ 05:20:59;,19422,Traffic: DISABLED VEHICLE -,2015/12/11 5:20,WHITPAIN,SKIPPACK PIKE & WALTON RD,1
40.4014255,-75.4939718,RT663 & QUAKERTOWN AVE; UPPER HANOVER; 2015-12-11 @ 05:19:35;,18073,Traffic: VEHICLE ACCIDENT -,2015/12/11 5:19,UPPER HANOVER,RT663 & QUAKERTOWN AVE,1
40.3881677,-75.5059427,RT663; UPPER HANOVER; 2015-12-11 @ 05:27:49-Station:STA65;,18073,Fire: VEHICLE ACCIDENT,2015/12/11 5:27,UPPER HANOVER,RT663,1
40.1498641,-75.3646526,EAGLE DR & BURNSIDE AVE; WEST NORRITON; 2015-12-11 @ 05:55:06-Station:STA46;,19403,Fire: FIRE ALARM,2015/12/11 5:55,WEST NORRITON,EAGLE DR & BURNSIDE AVE,1
40.161709,-75.1959681,HONEY RUN RD & JEFFERSON RD;  UPPER DUBLIN; Station 351; 2015-12-11 @ 06:01:00;,19002,EMS: RESPIRATORY EMERGENCY,2015/12/11 6:01,UPPER DUBLIN,HONEY RUN RD & JEFFERSON RD,1
40.2552707,-75.3407218,WOODS DR & DETWILER RD;  TOWAMENCIN; Station 345B; 2015-12-11 @ 06:05:42;,19446,EMS: DIZZINESS,2015/12/11 6:05,TOWAMENCIN,WOODS DR & DETWILER RD,1
40.3256048,-75.3249254,WASHINGTON AVE & E HAMLIN AVE;  TELFORD; Station 339; 2015-12-11 @ 06:16:36;,18969,EMS: RESPIRATORY EMERGENCY,2015/12/11 6:16,TELFORD,WASHINGTON AVE & E HAMLIN AVE,1
40.148858,-75.2328423,DETWEILER LN & BUTLER PIKE;  WHITEMARSH; Station 318; 2015-12-11 @ 06:19:42;,19002,EMS: MEDICAL ALERT ALARM,2015/12/11 6:19,WHITEMARSH,DETWEILER LN & BUTLER PIKE,1
40.155827,-75.3652085,GERMANTOWN PIKE & BRIDLE PATH RD; EAST NORRITON; 2015-12-11 @ 06:17:56;,19403,Traffic: VEHICLE ACCIDENT -,2015/12/11 6:17,EAST NORRITON,GERMANTOWN PIKE & BRIDLE PATH RD,1
40.1290496,-75.3288609,POWELL ST & E LOGAN ST;  NORRISTOWN; Station 308A; 2015-12-11 @ 06:23:57;,19401,EMS: FALL VICTIM,2015/12/11 6:23,NORRISTOWN,POWELL ST & E LOGAN ST,1
40.1098472,-75.3937796,BEIDLER RD & SARATOGA RD;  UPPER MERION; Station 317; 2015-12-11 @ 06:27:29;,19406,EMS: GENERAL WEAKNESS,2015/12/11 6:27,UPPER MERION,BEIDLER RD & SARATOGA RD,1
40.2763043,-75.5650236,SWAMP PIKE & SANATOGA RD; NEW HANOVER; 2015-12-11 @ 06:34:05;,19525,Traffic: DISABLED VEHICLE -,2015/12/11 6:34,NEW HANOVER,SWAMP PIKE & SANATOGA RD,1
40.3055837,-75.4903214,WESTVIEW DR & ASH WAY;  UPPER FREDERICK; Station 344A; 2015-12-11 @ 06:38:39;,18074,EMS: ABDOMINAL PAINS,2015/12/11 6:38,UPPER FREDERICK,WESTVIEW DR & ASH WAY,1
40.2919414,-75.5420241,COLONIAL RD & HILDEBEIDEL RD;  UPPER FREDERICK; Station 331; 2015-12-11 @ 06:55:44;,18074,EMS: MEDICAL ALERT ALARM,2015/12/11 6:55,UPPER FREDERICK,COLONIAL RD & HILDEBEIDEL RD,1
40.2431339,-75.6464342,SOUTH ST & S EVANS ST; POTTSTOWN; 2015-12-11 @ 07:04:00;,19464,Traffic: VEHICLE ACCIDENT -,2015/12/11 7:04,POTTSTOWN,SOUTH ST & S EVANS ST,1
40.0249667,-75.2829046,SCHUYLKILL EXPY & MILL CREEK RD UNDERPASS; LOWER MERION; 2015-12-11 @ 07:09:41;,,Traffic: DISABLED VEHICLE -,2015/12/11 7:09,LOWER MERION,SCHUYLKILL EXPY & MILL CREEK RD UNDERPASS,1
40.1330371,-75.4084631,SHANNONDELL DR & SHANNONDELL BLVD;  LOWER PROVIDENCE; Station 322A; 2015-12-11 @ 07:17:26;,19403,EMS: FALL VICTIM,2015/12/11 7:17,LOWER PROVIDENCE,SHANNONDELL DR & SHANNONDELL BLVD,1
40.1497607,-75.4785811,EDGEHILL LN & HOLLOW RD; UPPER PROVIDENCE; 2015-12-11 @ 07:23:38;,19460,Traffic: VEHICLE ACCIDENT -,2015/12/11 7:23,UPPER PROVIDENCE,EDGEHILL LN & HOLLOW RD,1
40.2469315,-75.6439204,CHESTNUT ST & N FRANKLIN ST; POTTSTOWN; 2015-12-11 @ 07:26:10-Station:STA69;,19464,Fire: GAS-ODOR/LEAK,2015/12/11 7:26,POTTSTOWN,CHESTNUT ST & N FRANKLIN ST,1
40.0134468,-75.2361093,E LEVERING MILL RD & CONSHOHOCKEN STATE RD; LOWER MERION; 2015-12-11 @ 07:29:58;,19004,Traffic: VEHICLE ACCIDENT -,2015/12/11 7:29,LOWER MERION,E LEVERING MILL RD & CONSHOHOCKEN STATE RD,1
40.079443,-75.331833,RENAISSANCE BLVD & SWEDELAND RD; UPPER MERION; 2015-12-11 @ 07:28:48;,19406,Traffic: VEHICLE ACCIDENT -,2015/12/11 7:28,UPPER MERION,RENAISSANCE BLVD & SWEDELAND RD,1
40.1074003,-75.113206,THE FAIRWAY  & RYDAL RD;  ABINGTON; Station 382; 2015-12-11 @ 07:31:07;,19046,EMS: HEMORRHAGING,2015/12/11 7:31,ABINGTON,THE FAIRWAY  & RYDAL RD,1
40.1313819,-75.3547959,JAMES ST & FOREST AVE; WEST NORRITON; 2015-12-11 @ 07:42:01;,19401,Traffic: VEHICLE ACCIDENT -,2015/12/11 7:42,WEST NORRITON,JAMES ST & FOREST AVE,1
40.1527341,-75.2264827,BUTLER AVE & S CHESTNUT ST;  AMBLER; Station 351; 2015-12-11 @ 07:53:34;,19002,EMS: RESPIRATORY EMERGENCY,2015/12/11 7:53,AMBLER,BUTLER AVE & S CHESTNUT ST,1
40.2566279,-75.2612699,LINE ST & COWPATH RD; HATFIELD TOWNSHIP; 2015-12-11 @ 07:58:37-Station:STA12;,19446,Fire: UNKNOWN TYPE FIRE,2015/12/11 7:58,HATFIELD TOWNSHIP,LINE ST & COWPATH RD,1
40.1564481,-75.1220797,EASTON RD & ANDREA DR;  UPPER MORELAND; Station 381; 2015-12-11 @ 08:01:43;,19090,EMS: UNRESPONSIVE SUBJECT,2015/12/11 8:01,UPPER MORELAND,EASTON RD & ANDREA DR,1
40.1211757,-75.1333613,SUSQUEHANNA RD & EASTON RD; ABINGTON; 2015-12-11 @ 08:04:24;,19001,Traffic: VEHICLE ACCIDENT -,2015/12/11 8:04,ABINGTON,SUSQUEHANNA RD & EASTON RD,1
40.1236821,-75.3254952,GLENN VALLEY DR & E ROBERTS ST;  NORRISTOWN; Station 308A; 2015-12-11 @ 08:06:51;,19401,EMS: FALL VICTIM,2015/12/11 8:06,NORRISTOWN,GLENN VALLEY DR & E ROBERTS ST,1
40.2414952,-75.2837862,HANCOCK ST & RR CROSSING; LANSDALE; 2015-12-11 @ 08:06:28;,,Traffic: VEHICLE ACCIDENT -,2015/12/11 8:06,LANSDALE,HANCOCK ST & RR CROSSING,1
40.344816,-75.3623206,BARNDT RD & COWPATH RD; SALFORD; 2015-12-11 @ 08:11:35-Station:STA72;,18969,Fire: BUILDING FIRE,2015/12/11 8:11,SALFORD,BARNDT RD & COWPATH RD,1
40.0823492,-75.1613157,LIMEKILN PIKE & GREENWOOD AVE; CHELTENHAM; 2015-12-11 @ 08:12:11;,19095,Traffic: VEHICLE ACCIDENT -,2015/12/11 8:12,CHELTENHAM,LIMEKILN PIKE & GREENWOOD AVE,1
40.1848404,-75.1205124,CEDAR AVE & COTTAGE AVE; HORSHAM; 2015-12-11 @ 08:11:42;,19044,Traffic: VEHICLE ACCIDENT -,2015/12/11 8:11,HORSHAM,CEDAR AVE & COTTAGE AVE,1
40.129538,-75.3246363,E JOHNSON HWY & DEKALB PIKE; NORRISTOWN; 2015-12-11 @ 08:13:29;,19401,Traffic: VEHICLE ACCIDENT -,2015/12/11 8:13,NORRISTOWN,E JOHNSON HWY & DEKALB PIKE,1
40.1198332,-75.1253492,SUSQUEHANNA RD & TYSON AVE OVERPASS; ABINGTON; 2015-12-11 @ 08:04:24;,,Traffic: VEHICLE ACCIDENT -,2015/12/11 8:04,ABINGTON,SUSQUEHANNA RD & TYSON AVE OVERPASS,1
40.2290075,-75.3878525,BROAD ST & S WAYNE AVE;  HATFIELD BORO; Station 345; 2015-12-11 @ 08:20:51;,,EMS: GENERAL WEAKNESS,2015/12/11 8:20,HATFIELD BORO,BROAD ST & S WAYNE AVE,1
40.0850736,-75.3886248,GULPH RD & W DEKALB PIKE; UPPER MERION; 2015-12-11 @ 08:21:47-Station:STA47;,19406,Fire: ELECTRICAL FIRE OUTSIDE,2015/12/11 8:21,UPPER MERION,GULPH RD & W DEKALB PIKE,1
40.0931406,-75.3677644,W DEKALB PIKE & TOWN CENTER RD; UPPER MERION; 2015-12-11 @ 08:26:35;,19406,Traffic: DISABLED VEHICLE -,2015/12/11 8:26,UPPER MERION,W DEKALB PIKE & TOWN CENTER RD,1
40.0279994,-75.3122906,NEW GULPH RD & CAVERSHAM RD;  LOWER MERION; Station 313; 2015-12-11 @ 08:29:10;,19010,EMS: SUBJECT IN PAIN,2015/12/11 8:29,LOWER MERION,NEW GULPH RD & CAVERSHAM RD,1
40.1086301,-75.1231264,OLD YORK RD & HIDDEN LN; ABINGTON; 2015-12-11 @ 08:26:36;,19001,Traffic: VEHICLE ACCIDENT -,2015/12/11 8:26,ABINGTON,OLD YORK RD & HIDDEN LN,1
40.2212266,-75.2887369,SUMNEYTOWN PIKE & RR OVERPASS;  UPPER GWYNEDD; Station 345B; 2015-12-11 @ 08:31:15;,,EMS: SUBJECT IN PAIN,2015/12/11 8:31,UPPER GWYNEDD,SUMNEYTOWN PIKE & RR OVERPASS,1
40.2394356,-75.2362381,HORSHAM RD & DOYLESTOWN PIKE; MONTGOMERY; 2015-12-11 @ 08:32:15;,,Traffic: VEHICLE ACCIDENT -,2015/12/11 8:32,MONTGOMERY,HORSHAM RD & DOYLESTOWN PIKE,1
40.1330371,-75.4084631,SHANNONDELL DR & SHANNONDELL BLVD;  LOWER PROVIDENCE; Station 322A; 2015-12-11 @ 08:44:20;,19403,EMS: CARDIAC EMERGENCY,2015/12/11 8:44,LOWER PROVIDENCE,SHANNONDELL DR & SHANNONDELL BLVD,1
40.204159,-75.1723943,HORSHAM RD & CAREDEAN DR; HORSHAM; 2015-12-11 @ 08:41:39;,19044,Traffic: VEHICLE ACCIDENT -,2015/12/11 8:41,HORSHAM,HORSHAM RD & CAREDEAN DR,1
40.4339309,-75.4680749,COUNTY LINE RD & BAUS RD;  LEHIGH COUNTY; Station 369; 2015-12-11 @ 08:46:05;,18041,EMS: CVA/STROKE,2015/12/11 8:46,LEHIGH COUNTY,COUNTY LINE RD & BAUS RD,1
40.297967,-75.2960191,BERGEY RD & CAMPUS DR; HATFIELD TOWNSHIP; 2015-12-11 @ 08:50:08-Station:STA17;,19440,Fire: FIRE ALARM,2015/12/11 8:50,HATFIELD TOWNSHIP,BERGEY RD & CAMPUS DR,1
40.0836572,-75.1647407,GREENWOOD AVE; CHELTENHAM; 2015-12-11 @ 08:47:58-Station:STA1;,19095,Fire: DEBRIS/FLUIDS ON HIGHWAY,2015/12/11 8:47,CHELTENHAM,GREENWOOD AVE,1
40.1847975,-75.286879,TWIN SILO DR & MORRIS RD; WHITPAIN; 2015-12-11 @ 08:46:58-Station:STA33;,19422,Fire: FIRE ALARM,2015/12/11 8:46,WHITPAIN,TWIN SILO DR & MORRIS RD,1
40.1545535,-75.2215651,PARK ON ALLENTOWN  ; AMBLER; 2015-12-11 @ 08:50:55;,,Traffic: DISABLED VEHICLE -,2015/12/11 8:50,AMBLER,PARK ON ALLENTOWN,1
40.1793752,-75.2362381,RT309 EXPY & NORRISTOWN RD UNDERPASS; LOWER GWYNEDD; 2015-12-11 @ 08:49:07;,,Traffic: DISABLED VEHICLE -,2015/12/11 8:49,LOWER GWYNEDD,RT309 EXPY & NORRISTOWN RD UNDERPASS,1
40.1793752,-75.2362381,RT309 EXPY & NORRISTOWN RD UNDERPASS; LOWER GWYNEDD; 2015-12-11 @ 08:50:04;,,Traffic: DISABLED VEHICLE -,2015/12/11 8:50,LOWER GWYNEDD,RT309 EXPY & NORRISTOWN RD UNDERPASS,1
40.092353,-75.138325,GREENWOOD AVE & E GLENSIDE AVE; CHELTENHAM; 2015-12-11 @ 08:47:35;,19095,Traffic: DEBRIS/FLUIDS ON HIGHWAY -,2015/12/11 8:47,CHELTENHAM,GREENWOOD AVE & E GLENSIDE AVE,1
40.092353,-75.138325,GREENWOOD AVE & E GLENSIDE AVE; CHELTENHAM; 2015-12-11 @ 08:47:58-Station:STA1;,19095,Fire: DEBRIS/FLUIDS ON HIGHWAY,2015/12/11 8:47,CHELTENHAM,GREENWOOD AVE & E GLENSIDE AVE,1
40.1255016,-75.3217964,NORTH HILLS DR & NATALIE LN;  NORRISTOWN; Station 308A; 2015-12-11 @ 08:54:14;,19401,EMS: HEMORRHAGING,2015/12/11 8:54,NORRISTOWN,NORTH HILLS DR & NATALIE LN,1
40.3490683,-75.4818301,DOGWOOD DR & GREEN HILL DR;  MARLBOROUGH; Station 344A; 2015-12-11 @ 08:57:50;,18054,EMS: CARDIAC EMERGENCY,2015/12/11 8:57,MARLBOROUGH,DOGWOOD DR & GREEN HILL DR,1
40.1899626,-75.5355215,CHURCH ST & N 7TH AVE;  ROYERSFORD; Station 325; 2015-12-11 @ 09:06:33;,19468,EMS: UNRESPONSIVE SUBJECT,2015/12/11 9:06,ROYERSFORD,CHURCH ST & N 7TH AVE,1
40.2864378,-75.2637619,BETHLEHEM PIKE & HILLTOWN PIKE; HATFIELD TOWNSHIP; 2015-12-11 @ 09:14:04-Station:STA12;,19440,Fire: GAS-ODOR/LEAK,2015/12/11 9:14,HATFIELD TOWNSHIP,BETHLEHEM PIKE & HILLTOWN PIKE,1
40.1335334,-75.0564601,CAMPUS DR & BUCK RD; BRYN ATHYN; 2015-12-11 @ 09:29:49-Station:STA11;,19009,Fire: FIRE ALARM,2015/12/11 9:29,BRYN ATHYN,CAMPUS DR & BUCK RD,1
40.1195768,-75.0622361,PHILMONT AVE & ANNE ST; LOWER MORELAND; 2015-12-11 @ 09:32:05-Station:STA8;,19006,Fire: FIRE ALARM,2015/12/11 9:32,LOWER MORELAND,PHILMONT AVE & ANNE ST,1
40.0879229,-75.2832089,RED RAMBLER DR & WISTERIA LN;  WHITEMARSH; Station 318; 2015-12-11 @ 09:33:14;,19444,EMS: MEDICAL ALERT ALARM,2015/12/11 9:33,WHITEMARSH,RED RAMBLER DR & WISTERIA LN,1
40.1823738,-75.1049136,YORK RD & VILLAGE PL;  HATBORO; Station 384; 2015-12-11 @ 09:38:57;,19040,EMS: SYNCOPAL EPISODE,2015/12/11 9:38,HATBORO,YORK RD & VILLAGE PL,1
40.0812601,-75.1370254,LIMEKILN PIKE & RT309 EXPY SB;  CHELTENHAM; Station 358A; 2015-12-11 @ 09:37:59;,,EMS: UNKNOWN MEDICAL EMERGENCY,2015/12/11 9:37,CHELTENHAM,LIMEKILN PIKE & RT309 EXPY SB,1
40.2456734,-75.2796667,BROAD ST & E 6TH ST; LANSDALE; 2015-12-11 @ 09:45:42-Station:STA14;,19446,Fire: FIRE ALARM,2015/12/11 9:45,LANSDALE,BROAD ST & E 6TH ST,1
40.3858833,-75.4654069,FINLAND RD & GERYVILLE PIKE;  UPPER HANOVER; Station 369; 2015-12-11 @ 09:54:31;,18073,EMS: GENERAL WEAKNESS,2015/12/11 9:54,UPPER HANOVER,FINLAND RD & GERYVILLE PIKE,1
40.0902994,-75.1040868,BEVERLY RD & FORREST AVE; ABINGTON; 2015-12-11 @ 09:53:22;,19046,Traffic: VEHICLE ACCIDENT -,2015/12/11 9:53,ABINGTON,BEVERLY RD & FORREST AVE,1
40.2309343,-75.5221245,LIGHTCAP RD & SANATOGA SPRINGS DR;  LIMERICK; Station 324A; 2015-12-11 @ 09:58:14;,19468,EMS: SEIZURES,2015/12/11 9:58,LIMERICK,LIGHTCAP RD & SANATOGA SPRINGS DR,1
40.0933278,-75.2819813,RIDGE PIKE & MALAN DR; WHITEMARSH; 2015-12-11 @ 10:15:57;,19428,Traffic: VEHICLE ACCIDENT -,2015/12/11 10:15,WHITEMARSH,RIDGE PIKE & MALAN DR,1
40.1234522,-75.350889,OAK ST & BODEY ALY;  NORRISTOWN; Station 308A; 2015-12-11 @ 10:18:38;,19401,EMS: RESPIRATORY EMERGENCY,2015/12/11 10:18,NORRISTOWN,OAK ST & BODEY ALY,1
39.9955678,-75.2598013,HONEYSUCKLE LN & STRAWBERRY LN;  LOWER MERION; Station 313; 2015-12-11 @ 10:22:27;,19096,EMS: CARDIAC EMERGENCY,2015/12/11 10:22,LOWER MERION,HONEYSUCKLE LN & STRAWBERRY LN,1
40.1385244,-75.5032506,BRIDGE ST;  UPPER PROVIDENCE; Station 3A85; 2015-12-11 @ 10:29:13;,,EMS: VEHICLE ACCIDENT,2015/12/11 10:29,UPPER PROVIDENCE,BRIDGE ST,1
40.1258785,-75.0861109,WALLER DR & WELSH RD; LOWER MORELAND; 2015-12-11 @ 10:30:32;,19006,Traffic: ROAD OBSTRUCTION -,2015/12/11 10:30,LOWER MORELAND,WALLER DR & WELSH RD,1
40.1723141,-75.4927278,BRIDGE ST & RR OVERPASS; UPPER PROVIDENCE; 2015-12-11 @ 10:33:12;,,Traffic: VEHICLE ACCIDENT -,2015/12/11 10:33,UPPER PROVIDENCE,BRIDGE ST & RR OVERPASS,1
40.1033767,-75.4124499,VALLEY FORGE CIR & OLD VALLEY FORGE RD;  UPPER MERION; Station 317; 2015-12-11 @ 10:34:58;,19406,EMS: UNCONSCIOUS SUBJECT,2015/12/11 10:34,UPPER MERION,VALLEY FORGE CIR & OLD VALLEY FORGE RD,1
40.1156859,-75.3329667,VIOLET ST & E OAK ST; NORRISTOWN; 2015-12-11 @ 10:32:59-Station:STA27;,19401,Fire: GAS-ODOR/LEAK,2015/12/11 10:32,NORRISTOWN,VIOLET ST & E OAK ST,1
40.1385244,-75.5032506,BRIDGE ST; UPPER PROVIDENCE; 2015-12-11 @ 10:37:33-Station:STA99;,,Fire: VEHICLE ACCIDENT,2015/12/11 10:37,UPPER PROVIDENCE,BRIDGE ST,1
40.243582,-75.281722,BROAD ST & E 4TH ST;  LANSDALE; Station 345; 2015-12-11 @ 10:36:28;,19446,EMS: CVA/STROKE,2015/12/11 10:36,LANSDALE,BROAD ST & E 4TH ST,1
40.0360186,-75.2877431,BLACK ROCK RD & ROCK CREEK RD; LOWER MERION; 2015-12-11 @ 10:38:51-Station:STA24;,19035,Fire: FIRE INVESTIGATION,2015/12/11 10:38,LOWER MERION,BLACK ROCK RD & ROCK CREEK RD,1
40.1764038,-75.2250294,N BETHLEHEM PIKE & SPRINGWOOD LN; LOWER GWYNEDD; 2015-12-11 @ 10:39:19;,19002,Traffic: VEHICLE ACCIDENT -,2015/12/11 10:39,LOWER GWYNEDD,N BETHLEHEM PIKE & SPRINGWOOD LN,1
40.1517793,-75.0415703,WARFIELD DR & BOBWHITE LN; LOWER MORELAND; 2015-12-11 @ 10:45:57;,19006,Traffic: ROAD OBSTRUCTION -,2015/12/11 10:45,LOWER MORELAND,WARFIELD DR & BOBWHITE LN,1
40.1801046,-75.3625298,VALLEY FORGE RD & STUMP HALL RD; WORCESTER; 2015-12-11 @ 10:44:35;,19403,Traffic: VEHICLE ACCIDENT -,2015/12/11 10:44,WORCESTER,VALLEY FORGE RD & STUMP HALL RD,1
